economy,time,MS.MIL.MPRT.KD,MS.MIL.TOTL.P1,MS.MIL.TOTL.TF.ZS,MS.MIL.XPND.CD,MS.MIL.XPND.GD.ZS,MS.MIL.XPND.ZS,MS.MIL.XPRT.KD
CAN,2018,160000000.0,72400.0,0.354960320436997,22729327580.3404,1.32468109445935,3.2272093879268,115000000.0
CAN,2019,174000000.0,72000.0,0.34627705752417,22204408440.0904,1.27894141964114,3.10708681842914,211000000.0
CAN,2020,207000000.0,,,22754847129.0082,1.415055840779,2.46868659247346,200000000.0
USA,2018,380000000.0,1379800.0,0.838097652444013,682491400000.0,3.31624880838269,9.36144408095522,9895000000.0
USA,2019,866000000.0,1388000.0,0.834357063802756,734344100000.0,3.42708018052996,9.58764254119547,10788000000.0
USA,2020,687000000.0,,,778232200000.0,3.74116009078512,7.92617655617091,9372000000.0
